Id,ORGANIZATION,NAME,GENDER,SPECIALITY,ADDRESS,CITY,STATE,ZIP,LAT,LON,ENCOUNTERS,PROCEDURES
8d3c5ada-728d-3388-b03a-58aa3c6b3417,74ab949d-17ac-3309-83a0-13b4405c66aa,Gabriel934 Reilly981,F,GENERAL PRACTICE,881 Main Street,Fitchburg,MA,01420,42.586487,-71.80521,111,0
027c1f8b-b13c-3c42-82d6-9b9fa1c16f8f,588f6ce6-b8db-3588-8189-29db2680a313,Terence292 Brakus656,M,GENERAL PRACTICE,461 WALNUT AVE,JAMAICA PLAIN,MA,021302331,42.311587599999996,-71.09800136347226,40,0
0f1a96e7-399d-306c-ad0b-38dc6687065c,17a4bae5-8b64-34d7-8144-b428be027bd0,Olympia319 Ward668,F,GENERAL PRACTICE,512 MAIN STREET  SUITE 211,SHREWSBURY,MA,015456406,42.295109499999995,-71.71808471110307,11,0
b5632a37-9892-37ea-bd97-63243838517a,4112b8b1-59df-3255-a7ca-f42ee0a4cb2e,Nereida276 Feeney44,F,GENERAL PRACTICE,37 ROUTE 6A,SANDWICH,MA,025631801,41.766329400000004,-70.5147600346998,4,0
0d61d970-373a-37cf-ba84-c716f1846624,c241b977-4131-32e4-9957-e0a00b2a1e5f,Kip442 Krajcik437,M,GENERAL PRACTICE,94 MAIN STREET,HYANNIS,MA,026013146,41.6562802,-70.27448000204822,1,0
37c41a5f-896c-36fb-be09-1f93bc9ebaf4,77645e49-3f69-3d1d-bb93-dc65210e2fac,Vella930 Ankunding277,F,GENERAL PRACTICE,363 HIGHLAND AVE,FALL RIVER,MA,027205246,41.7093779,-71.1460783680883,249,0
a1fb3820-ecb0-3be8-9759-fab59497aced,42d4b607-f14d-370a-818e-40965685776c,Marchelle563 Hettinger594,F,GENERAL PRACTICE,3 WASHINGTON ST STE 220,NORTH EASTON,MA,023561034,42.0667665,-71.1036592,69,0
a8bdd926-34b8-3072-a7a4-ad0d2f2b0150,ab701a70-a658-340e-8f69-ee196a7d40c6,Bud153 Parisian75,M,GENERAL PRACTICE,484 RTE 134,WORCESTER,MA,016071728,42.2625621,-71.8018877,3,0
30ef3ece-867f-3367-8c1e-51d73cc868e5,af2d050e-91a7-3acb-8b27-0bf6a259645e,Cecila397 Bernhard322,F,GENERAL PRACTICE,57 CITY HALL AVE,GARDNER,MA,014402614,42.5760669,-71.9934081,31,0
3a93e7c9-fdff-3a90-965c-788bfa384479,59d1f454-5701-3f71-8fe7-94f785e15062,Lourdes258 Lesch175,F,GENERAL PRACTICE,57 OLD ROAD TO 9 ACRE CORNER,WEST CONCORD,MA,017423317,42.4566859,-71.3942316,2,0
06eed114-fe98-348e-9d6e-7f0df56f3a55,1311c44a-85cb-3aea-a143-e5d7892ced8b,Kathrine376 Reinger292,F,GENERAL PRACTICE,300 KENSINGTON AVE,SPRINGFIELD,MA,011071139,42.091896,-72.559437,92,0
183d7a25-c966-388f-b1ef-0ce2567f3211,817a1428-2045-3e89-9fa2-ef7d287d6fa5,Gracia333 Schuster709,F,GENERAL PRACTICE,70-71 N PARISH RD,LAWRENCE,MA,01843,42.690315,-71.150015,11,0
8094364d-d679-3acd-ba52-bda20f23cb63,4bf8af75-4da2-331d-b94e-9975a887face,Gussie514 Mosciski958,F,GENERAL PRACTICE,57 PROSPECT ST,NANTUCKET,MA,025542799,41.27514065,-70.10108985970798,85,0
fb05c9de-ebd1-33f2-8283-31d59a02063c,643eac8e-1620-3b6a-b9f3-664b003d22cd,Frederick289 Kiehn525,M,GENERAL PRACTICE,34 GIFFORD ST,NEW BEDFORD,MA,027442610,41.6177929,-70.91890087055067,31,0
9e2bf93d-8722-3dcf-87fa-9e2149aed8ee,5fcff9db-16e4-3e56-aa78-abbc16338097,Marcus77 Schamberger479,M,GENERAL PRACTICE,295 VARNUM AVE,WESTFORD,MA,018863513,42.5792583,-71.4378411,49,0
448a9561-4232-34b6-84ed-4475054305c6,1ddd51d1-7297-3c3b-bad5-98aecd5e4a79,Dinah304 Kub800,F,GENERAL PRACTICE,127 CAMBRIDGE STREET  SUTIE #2B,BURLINGTON,MA,018033735,42.50188325,-71.19559351572005,3,0
5c8a6f03-3e22-33de-b9f6-6434efa3b766,4cb90b5f-734d-322f-a2f2-776824e1ce35,Raquel318 Alva958,F,GENERAL PRACTICE,770 CONVERSE STREET,LONGMEADOW,MA,011061719,42.0639853,-72.5521444,2,0
2b10b79d-b08c-3f78-b14e-270a18cc6c8f,ca1c0a76-f601-3a1c-a448-689cd3d56bb1,Luther918 Rippin620,M,GENERAL PRACTICE,96 FOREST STREET,PEABODY,MA,019603907,42.528469349999995,-70.95557442492182,7,0
f81d95ee-ae88-3ad3-bea4-585571e97828,b66db758-a205-3227-9cfb-bf19d2c1962d,Noreen211 Stroman228,F,GENERAL PRACTICE,121 HARVARD AVENUE  2ND FL,ALLSTON,MA,021342702,42.35241825,-71.13220132573996,6,0
048ac351-1fd8-3956-9925-ba27e4d9e23b,f6a306cf-7bd6-35f4-a6b7-2d07d273914c,Ariel183 Von197,M,GENERAL PRACTICE,63 FOUNTAIN ST STE 402,FRAMINGHAM,MA,017026280,42.27595495,-71.42631150114194,37,0
23b88c63-23e2-31a4-8c92-1f3f0fbea545,32fcdfba-8c93-30f4-b15b-dd3b65c29deb,Sparkle906 Bernhard322,F,GENERAL PRACTICE,20 NORTH MAPLE STREET,HADLEY,MA,010359715,42.3615107,-72.55261320852942,1,0
2e488051-a9cb-31d0-b2c0-0ca6ba6b8ff3,2cf06ddc-4c55-3c91-98f1-fb0188079c27,Alena861 Rolfson709,F,GENERAL PRACTICE,10 VETERANS MEMORIAL DRIVE,MILFORD,MA,017572900,42.14682295,-71.50153080894427,8,0
9799602c-bfba-32e3-8779-4d6f6f6e5033,02c936e2-3aee-38b2-88a4-81f3689b7bb7,Royce974 Kohler843,F,GENERAL PRACTICE,120 FISHER AVENUE,BOSTON,MA,021203320,42.3276141,-71.1051603,20,0
d2a600d8-a4f8-3cd6-b841-e2e0286b2faf,5fa5e611-be3d-3ebb-8f71-124325f6005f,Isiah14 Nikolaus26,M,GENERAL PRACTICE,480 ROUTE 6A,EAST SANDWICH,MA,025371438,41.742172,-70.45251,26,0
27f2365a-7323-39b0-9634-925ecf10db35,bf556284-7513-3620-a10e-5393183a9a87,Jesus702 Roob72,M,GENERAL PRACTICE,795 MIDDLE ST,FALL RIVER,MA,027211733,41.6924092,-71.16345107025307,39,0
6bcf7182-7df6-3a0f-95b1-f61483b6e1b8,e93b27a8-6507-3595-84a5-f899ce23a72d,Eloisa55 Lucero848,F,GENERAL PRACTICE,70 EAST STREET,NORTH ANDOVER,MA,018456144,42.6839894,-71.1127065,31,0
e8180438-561e-33de-b3e8-5a5bf8f39b62,365eae93-6352-3d48-9a8d-dc9fa4b917be,Lorean637 Kertzmann286,F,GENERAL PRACTICE,32 HOSPITAL HILL RD,GARDNER,MA,014402302,42.572366450000004,-71.97690789055164,1,0
a43758be-5ad2-3935-a7e4-f51143b5dbd9,4ffa4412-1493-3beb-b8f0-6614dde953a4,Harland508 Ryan260,M,GENERAL PRACTICE,363 HIGHLAND AVENUE,WAREHAM,MA,025715011,41.745636,-70.658192,210,0
50af7837-5af3-3b76-861a-7a8a03d9735a,a14e698d-a9ba-3eae-9c8b-682ec726433d,Leticia253 Dueñas839,F,GENERAL PRACTICE,776 WESTERN AVE,LYNN,MA,019052408,42.466763,-70.9494939,2,0
8b473449-bd9b-3d94-ad25-4953ac98013d,dd9914b0-9491-3330-a890-d34e95e497ea,Taylor21 Haley279,M,GENERAL PRACTICE,1061 PLEASANT ST,NEW BEDFORD,MA,027406728,41.64280275,-70.92865004309593,39,0
258da1c1-778f-3572-a59d-5807579e6970,4c1a8ea6-b690-3c28-a02e-ebd82190ee65,Marcos263 Cronin387,M,GENERAL PRACTICE,885 WASHINGTON ST,BOSTON,MA,021111415,42.3479909,-71.064924,2,0
516eb266-3a76-315a-ba5c-0a72c8802cda,5ba6765a-f335-36b0-9c6a-6bb494c5330d,Clemente531 Schamberger479,M,GENERAL PRACTICE,31 OLD ROUTE 7,WESTWOOD,MA,020902333,42.2139873,-71.2244987,2,0
f013a60f-d5a7-30d0-beee-79312b30ffdd,b6eeaaf7-1683-3bcb-b6ee-81ce304636ef,Nicolás801 Nieves278,M,GENERAL PRACTICE,170 GOVERNORS AVE,MELROSE,MA,021763225,42.4564323,-71.064182,130,0
5815e316-b0f7-3a17-9098-187a35eff9e6,1c42af32-f17e-32ec-b007-4ff8e2de493e,Sherman440 Wunsch504,M,GENERAL PRACTICE,235 NORTH PEARL STREET,STOUGHTON,MA,020723396,42.1004556,-71.0668392,3,0
6e4bd051-2243-3696-90e1-9f0b9cfc811e,65eda534-1bdc-3192-8d02-1c3764447790,Alonso270 Hand679,M,GENERAL PRACTICE,1244 BOYLSTON ST,CHESTNUT HILL,MA,024672115,42.3214927,-71.1711481,11,0
533396f3-07e8-3697-9be1-db0f9def8792,de29a374-221b-3cb4-8051-a02c1a35e5b7,Gwyneth692 Marvin195,F,GENERAL PRACTICE,562 WASHINGTON ST,SOUTH ATTLEBORO,MA,027036942,41.912892049999996,-71.36135809627689,37,0
d237e708-e90e-3a35-9c7b-41c7cfee6138,ace1ac31-036a-38fd-b451-b3b87157c717,Alejandra902 Thompson596,F,GENERAL PRACTICE,170 MORTON ST,BOSTON,MA,021303735,42.299067750000006,-71.10124351911541,38,0
46b0ff8f-664b-36eb-b625-371f8d91ac1f,18061fd5-fda8-3e2d-87f0-0f3c87211bcc,Omer483 Koepp521,M,GENERAL PRACTICE,1493 CAMBRIDGE ST,SOMERVILLE,MA,021431408,42.3875968,-71.0994968,6,0
0523e2cb-c202-3579-afe4-041131ebe3e1,c64c848c-0315-3115-87fa-80c360bb6a73,Mitchel812 Zieme486,M,GENERAL PRACTICE,142 BERKELEY ST,BOSTON,MA,021164608,42.3489076,-71.0721378,37,0
e7860d47-17fd-3c2f-aafa-41164b79418d,b3ada130-6443-3a8e-98c7-4ec127a2b0c4,Ned189 Haley279,M,GENERAL PRACTICE,ONE GREAT ROAD,ACTON,MA,017205601,42.4850931,-71.43284,30,0
a92e517b-af99-38c9-a870-4771d1fdee39,43e33b67-64ac-3314-99ee-114fb2b56b80,Fidel864 Cummerata161,M,GENERAL PRACTICE,200 HILLSIDE CIRCLE  SUITE 2,WEST SPRINGFIELD,MA,010894681,42.105237,-72.6213712,3,0
b4bfb5f7-3a62-3626-a19b-9e012dae7516,1e11392b-1278-3e70-93cd-f396cbd0c265,Gerry91 Block661,F,GENERAL PRACTICE,115 LINCOLN ST,NATICK,MA,017607700,42.2843753,-71.3441395,112,0
5fa4e4ad-c1f0-3836-8af9-ce380546e943,6cf8a214-8d57-3267-85e5-7719e15cd63e,Michel472 Zulauf375,M,GENERAL PRACTICE,170 MORTON STREET,JAMAICA PLAIN,MA,021303735,42.299067750000006,-71.10124351911541,150,0
74f02d15-933e-3f76-b6c6-ae8fe6d9f5b6,0fedae9f-701f-3317-9b2f-69aea2202cdc,Willian804 Batz141,M,GENERAL PRACTICE,88 EAST NEWTON STREET,WINTHROP,MA,021522715,42.3750976,-70.982827,21,0
05b45ae4-6c32-3c33-8d22-a98ca48637a3,9043e647-568d-3e87-9fc0-756a416392d3,Alica364 Hartmann983,F,GENERAL PRACTICE,27 CENTENNIAL DR,PEABODY,MA,01960,42.52388415,-70.9519832,52,0
69a9df3b-a46b-35d7-8462-6dcb9f76f01f,86bbc3aa-e927-3d56-9d77-ab701b4b2926,Tynisha348 Howe413,F,GENERAL PRACTICE,538 ROBESON STREET,FALL RIVER,MA,027205496,41.707225,-71.1432141111111,93,0
1ed91303-2a9e-38a6-bc10-e671b7b7fd36,9ab139f5-d278-31b4-b44e-feffdea65613,Dexter530 White193,M,GENERAL PRACTICE,88 ROUTE 6A 101,SANDWICH,MA,025631866,41.764922,-70.502215,24,0
181f551f-0f89-3dbd-9263-1b1cccc575d6,0b5f4cda-f9ae-36a8-a94c-ffbf56f45236,Guadalupe206 Hodkiewicz467,M,GENERAL PRACTICE,210 MARKET ST,NORTH ANDOVER,MA,018451656,42.6839894,-71.1127065,1,0
af0fe315-f767-3ea4-aacd-3f14a6e30ed9,aade280a-3b90-3e48-9648-91109a964a63,Josef103 Klein929,M,GENERAL PRACTICE,909 SUMNER ST,DARTMOUTH,MA,027473826,41.6332267,-70.9879928,291,0
f57ede26-e8d9-3900-866b-820101e0764c,981338c4-287c-3621-bc45-8b0b9f1b8922,Cari853 Kohler843,F,GENERAL PRACTICE,640 BOLTON ST,MARLBOROUGH,MA,017523999,42.3658183,-71.55914630258509,103,0
3c2bf223-13ce-3696-9b99-555db8655075,ecadbc11-930c-3903-b706-f8ef4bc9089e,Earlene410 Baumbach677,F,GENERAL PRACTICE,780 CHESTNUT ST,SPRINGFIELD,MA,011031109,42.1211633,-72.60614164702717,55,0
ff2546c6-ceeb-3e52-99e0-5d7f84e43e34,980d9bfa-a344-3bff-8c02-232dd0e8fd34,Waylon572 Lakin515,M,GENERAL PRACTICE,100 TRADE CENTER SUITE G-700,WOBURN,MA,018011851,42.4792618,-71.1522766,51,0
0963128c-b554-3206-8ab9-39e774f6492c,794b1cc2-97be-30a4-83a0-4bf6add43c74,Hugo693 Gutmann970,M,GENERAL PRACTICE,215 THATCHER STREET,BROCKTON,MA,023023949,42.0740963,-70.99660306096918,24,0
2b4a4f35-ce71-3c30-81f0-7b4450f1926b,440fa4b8-c731-3cf5-81d9-aa3f30a37b95,Bennie663 Abbott774,M,GENERAL PRACTICE,41 & 45 MALL ROAD,PEABODY,MA,019602901,42.5278731,-70.9286609,1314,0
6f8d6fb3-0c90-3b41-a1db-2206c2300cad,0fab3c4e-a028-39a6-b15a-be5a88b6aa2a,Cletus494 Paucek755,M,GENERAL PRACTICE,222 STATE STREET,LUDLOW,MA,010563437,42.15547415,-72.47222226666076,789,0
040f470f-ea2d-340b-9165-df8844555377,e9a24be5-b0a3-3fd2-a606-dd13498024ea,Darwin703 O'Hara248,M,GENERAL PRACTICE,85 E MAIN ST STE A,NORTON,MA,027662307,41.971697,-71.17689334021827,33,0
293fbac6-acc7-3a39-8341-561377abfe2c,c92cc255-6778-3307-8092-987d667be4ce,Merle11 Bogisich202,M,GENERAL PRACTICE,89 FOSTER ST,PEABODY,MA,019608925,42.5278731,-70.9286609,92,0
abf0acab-6168-3655-9344-12693cbffdd7,00ffb204-07b4-3c72-a678-fa252e6cf86c,Kathlene786 Satterfield305,F,GENERAL PRACTICE,450 BEDFORD ST,LEXINGTON,MA,02420,42.47370735,-71.25090005,30,0
dcaad594-c558-3169-96af-a6df7b2249c5,b8421363-9807-3b16-a146-95336eea5cfb,Cleveland582 Kuphal363,M,GENERAL PRACTICE,30 LOCUST ST,NORTHAMPTON,MA,010602052,42.33032115,-72.65330802608176,46,0
6486ef26-605f-30bc-a41d-4bd52198ec27,8424b5ec-ba0a-32e9-94ae-a9d397884093,Ileen763 Casper496,F,GENERAL PRACTICE,49 BLANCHARD STREET  SUITE 101,LAWRENCE,MA,018431456,42.69651155,-71.1612176954981,3,0
cb233004-b6e8-39da-8d22-4e42359ae994,3076e02a-deac-3e81-96a9-1d32cbda6fca,Cecil300 Kilback373,M,GENERAL PRACTICE,59 EASTWOOD CIRCLE,GARDNER,MA,014403901,42.567006649999996,-71.97817904424542,11,0
36659b3d-5a63-34a5-950b-6122557a0626,fbd4ccdf-2fdb-3652-9bbe-1ccff886bd34,Tana168 Collins926,F,GENERAL PRACTICE,320 CENTRAL STREET  UNIT A2,SAUGUS,MA,019062372,42.4632069,-71.0093761,10,0
fdeaccd8-0f00-3483-a15f-8f3583f081a1,b9e35b8a-9831-32d8-a6dc-d7a546c126b0,Domenic627 Blick895,M,GENERAL PRACTICE,111 HUNTOON MEMORIAL HIGHWAY  1ST FLOOR,SPRINGFIELD,MA,011092550,42.1018764,-72.5886727,23,0
5fa70395-2976-30a0-893b-2cdc223a22c2,7a75decf-7d3f-3b0d-8c2b-3abf0a8c7f58,Olin642 Kulas532,M,GENERAL PRACTICE,169 LIBERTY ST,MIDDLETON,MA,019491003,42.615226050000004,-71.0144865346162,34,0
cab4f565-88f9-37b6-97f2-9972826b1f28,18df2721-3f76-3f83-94d5-63597cedd298,Gail741 Romaguera67,M,GENERAL PRACTICE,909 SUMNER ST,STOUGHTON,MA,020723396,42.1005097,-71.0830269025407,26,0
32f8ff93-a0cb-3da7-b6af-15c33b3c9786,38508743-50d1-3429-8fe2-37e42ddaf20e,Marth98 Mayer370,F,GENERAL PRACTICE,164 HIGH ST,GREENFIELD,MA,013012778,42.595268700000005,-72.59288632376354,9,0
c49d9a56-845f-314e-8b89-1cbaaa41758a,328f813e-4de8-3ec2-a113-43f3ddfb0b2a,Victoria535 Roob72,F,GENERAL PRACTICE,30-40 WESTPARK STREET,BROCKTON,MA,023015241,42.0834335,-71.0183787,132,0
f7babc59-dd03-3e1d-9bfd-331c720fa181,15d4c950-4691-3996-b4c4-bf06bfb58ff7,David908 Carreón894,M,GENERAL PRACTICE,70 EAST ST,METHUEN,MA,018445883,42.7285558,-71.16833738237946,14,0
d83276f7-f27f-3537-93c9-a6d818e053d2,0caa0116-ef9a-3d4c-bcff-9c405a9d2bda,Yasmin241 Emard19,F,GENERAL PRACTICE,105 CHESTNUT ST STE 35,PLYMOUTH,MA,023604054,41.884685,-70.847219,62,0
415b1867-4bf0-3d1e-b8ec-2f9d8ed33f9e,d140ed3f-2696-3e78-bd77-1c959ec4fc4d,Jamal145 Marks830,M,GENERAL PRACTICE,863 HATHAWAY ROAD,NEW BEDFORD,MA,027401916,41.6512968,-70.9669902070805,13,0
236c4536-78fe-3feb-a6c1-9517f8715029,d4e48a16-0a60-3e90-81e5-c35b22ffe6af,Bertram873 Kutch271,M,GENERAL PRACTICE,856 STATE RD,NORTH ADAMS,MA,012473027,42.69967208677275,-73.16330754755236,2,0
90994e9b-9d2f-31da-9f1b-95472c1d4ccd,8f22037a-070f-3fcf-8f39-fa879f0ae107,Ina660 Hermann103,F,GENERAL PRACTICE,567 DARTMOUTH ST,S DARTMOUTH,MA,027481826,41.61112,-70.93937914285715,2,0
2d644a6a-cc0f-3f75-a969-4d86d5ac0a7e,bccd7d67-203c-3d93-b6b0-bff5a146cd1d,Paulene52 Kihn564,F,GENERAL PRACTICE,286 WASHINGTON ST,STOUGHTON,MA,020721763,42.1384306,-71.1022598,13,0
3424b51c-561b-322e-a86e-b7d39fcfdca8,63cb4d95-04a9-3a35-b5d9-f89e0377a48d,Thanh759 Weber641,M,GENERAL PRACTICE,211 PARK ST,ATTLEBORO,MA,027033143,41.9419187,-71.2752081695297,71,0
4f2e2333-9d40-3168-bf5b-32313061fd2b,45e64170-207e-3786-b970-76fca7a5691b,Henriette328 Hilpert278,F,GENERAL PRACTICE,50 INDIAN NECK RD,WAREHAM,MA,025712174,41.7539753,-70.69890130810117,3,0
a27b151c-a129-3f2c-b8c3-1f0947754051,6e290541-eba3-37fc-a3e2-e58f77e84c7e,Christeen33 Toy286,F,GENERAL PRACTICE,15 LENOX ST.,SPRINGFIELD,MA,011083122,42.085779,-72.55846414285715,65,0
f0584b62-def7-3661-9f91-cfec2ce23e5f,80abc43b-c194-3b35-904f-2e5626b185a0,Gabriela205 Schultz619,F,GENERAL PRACTICE,546 CHICOPEE ST,CHICOPEE,MA,010132148,42.1815776,-72.61592413975956,1,0
83339376-c19e-3a42-88bf-19d1f6bb0451,4e880cb9-1ca0-3582-b8cf-8a59b0d2b878,Haywood675 Bednar518,M,GENERAL PRACTICE,51 S CHURCH ST,PITTSFIELD,MA,012016178,42.44648205,-73.25863241543368,15,0
0e781dcb-bdc0-31e7-a473-cac179f1c5f7,0d24cc89-3256-330c-b36d-d8de8babef84,Delicia67 Bernhard322,F,GENERAL PRACTICE,1030 FALMOUTH RD,SOUTH YARMOUTH,MA,026641218,41.6667779,-70.1847414,54,0
bb045a83-cda4-3292-89fb-df22f0dae24a,844a8cb2-4164-35b2-88b8-dffa2889a738,Shemeka786 Conn188,F,GENERAL PRACTICE,150 UNIVERSITY DRIVE,AMHERST,MA,010022232,42.368937,-72.53247107203978,2,0
5b50f543-d858-352a-ab61-38dc09557a8e,a6fb79e7-4abb-3a68-b62d-e501427fdca4,Barb55 Renner328,F,GENERAL PRACTICE,489 WASHINGTON ST STE 202,AUBURN,MA,015015709,42.187836,-71.83104,2,0
36f96a7d-f102-3f98-aeef-46b9f4c2f0cd,f0e3e152-0b08-3819-b962-b043f63f6dc1,Kirby843 Rippin620,M,GENERAL PRACTICE,1010 VARNUM AVENUE,LOWELL,MA,018541915,42.6422606,-71.36626685573418,44,0
6630b954-3324-3b0a-b4ff-e3e83c0ed08d,81b1ef2b-8d3c-3923-859d-ae56099e037a,Lesley194 Bradtke547,M,GENERAL PRACTICE,19 VARNUM STREET,LOWELL,MA,018502132,42.6520846,-71.29979019978185,1,0
614e7ba7-cb3f-3fc3-8313-a618b37cf6ab,c7542447-e06e-32cb-b6db-243c23a0dbc2,Chantell995 Krajcik437,F,GENERAL PRACTICE,30 WARREN ST,BOSTON,MA,021353602,42.3501483,-71.14393324457691,285,0
2a1192da-54cd-3c08-b28e-bb21ded929d3,8bf5325a-c11b-35c4-b07d-17a5aeba8353,Penni796 Okuneva707,F,GENERAL PRACTICE,815 WORCESTER STREET,SPRINGFIELD,MA,011511001,42.1018764,-72.5886727,13,0
60c4ca51-2ea8-3599-a1cb-f8445b89a44a,43e22208-dae0-3196-b30b-17b3c50679c2,Diego848 O'Kon634,M,GENERAL PRACTICE,147 PELHAM ST,METHUEN,MA,018442060,42.7288158,-71.20222773774655,26,0
aab26a99-75c7-3ff6-a384-1b9b409c69c6,aba3e6f6-4562-342e-b90f-dd61b117f394,Norbert530 White193,M,GENERAL PRACTICE,438 CHESTNUT STREET,SPRINGFIELD,MA,011072008,42.11291091861002,-72.59692685125127,1,0
f2669858-5c90-320b-8cf4-09cb8e92be6c,a4b91172-69e7-3895-bd89-b9a0868de5c2,Shanita956 Wolff180,F,GENERAL PRACTICE,651 ORCHARD ST,NEW BEDFORD,MA,027441052,41.6149879,-70.93113851963673,109,0
ba4153b6-fc8f-342c-8969-b0f8f28cf07a,47fb5a56-bee5-3ecd-9958-706b20831c82,Karey608 Torp761,F,GENERAL PRACTICE,600 CUMMINGS CENTER  SUITE 270X,WOBURN,MA,018016356,42.4792618,-71.1522766,4,0
b5cf14c7-3121-3e68-949c-238917eb3892,eee00932-ca82-36bc-b7e8-e3fff6dbaeaa,Leif534 Hane680,M,GENERAL PRACTICE,450 BROOKLINE AVE,WEYMOUTH,MA,021893141,42.2212188,-70.9391625,103,0
99a9c7d2-3b39-3d8d-9d4b-b93f71b01483,a194e94a-dd16-347e-95ea-8d00052c14d1,Elvera717 Gusikowski974,F,GENERAL PRACTICE,833 MAIN ST,S YARMOUTH,MA,026645254,41.65171785,-70.21464095380932,29,0
69a1aaf1-ba4a-33f2-9568-d0d661dddf2f,be509ccb-bfb7-3b87-8945-8426b689ef9d,Man114 Balistreri607,M,GENERAL PRACTICE,2049 DORCHESTER AVENUE,BOSTON,MA,021244742,42.3554334,-71.060511,1,0
9533fa43-922c-3140-a879-eac494d7aa26,9fbf3c5e-5f22-3b9f-9032-39d6de320874,Rufus33 Langosh790,M,GENERAL PRACTICE,150 FLANDERS RD,WESTBOROUGH,MA,015811017,42.2770724,-71.5679154706427,58,0
ce0fcd8e-fd0d-3e49-9468-5d891c5496ca,8d5880eb-1dd8-31ea-b7c5-21709f3bb341,Jared66 Satterfield305,M,GENERAL PRACTICE,50 ROWE ST,MELROSE,MA,021763201,42.4592093,-71.06078096379728,38,0
3539ebdc-cb21-3b1c-82de-e0f21007301b,fd650ebc-a642-3818-b073-692473cd31f1,Larisa542 Kris249,F,GENERAL PRACTICE,900 CUMMING CENTER,BEVERLY,MA,019156181,42.5584284,-70.8800491,14,0
61060ea8-c0ab-383c-a48b-3b434cc6757a,70e3ad4f-b9ff-3f3e-9990-2cd7e23a9d1c,Tambra47 Bosco882,F,GENERAL PRACTICE,1238 RIVERDALE ST,WEST SPRINGFIELD,MA,010894675,42.1373438,-72.62624707492338,6,0
075f0ca3-a8d8-33d0-861b-e4fd15b7c26b,09434cf4-ae0d-32ad-bc16-5ce7b0e5c12b,Erich201 Christiansen251,M,GENERAL PRACTICE,1041L Pearl St.,Brockton,MA,02301,42.055134,-71.06661,138,0
678f3b6a-54cd-378d-83df-d819012bcd45,9cfdd210-a2ed-34d6-9381-2f5d999011ca,Edith654 Beier427,F,GENERAL PRACTICE,21 HIGHLAND AVE,NEWBURYPORT,MA,019503873,42.814341671166744,-70.88998002772408,75,0
a25f1143-7037-3a08-acc3-601e1a977bdc,75846b1f-d0ec-3255-9bdd-d09eb0a9dd0d,Vanita165 Bartell116,F,GENERAL PRACTICE,575 BEECH ST,HOLYOKE,MA,010402296,42.20105435,-72.628169560868,49,0
0037ea5c-a2fe-34ff-9f85-8336ac6f4a7b,dd280187-8662-3732-af81-595d10572911,Mertie42 Lakin515,F,GENERAL PRACTICE,4499 ACUSHNET AVE,NEW BEDFORD,MA,027454707,41.74026055,-70.9450945705336,151,0
ec82106d-93ab-34e8-abca-608aa864dd67,a6964d47-8af0-3df2-b99d-d8414eb1cfa3,Maricarmen445 Delafuente833,F,GENERAL PRACTICE,200 MAY ST,SOUTH ATTLEBORO,MA,027035520,41.924394750000005,-71.36076410900014,17,0
b319dd47-a0ee-3a5a-b8c1-566156a4e9cd,004554b4-3068-3938-832d-fa7cbe1cd1fb,Lacy523 Littel644,M,GENERAL PRACTICE,25 STONEHAVEN DRIVE,WEYMOUTH,MA,021903951,42.1589443,-70.94970431672323,6,0
588795f9-7ba6-33f7-984d-6e0911a032ff,e2a4a148-7e7e-3df4-aa79-1835caf7baea,Nada112 Grady603,F,GENERAL PRACTICE,472 MAIN ST,ACTON,MA,017205953,42.4861111,-71.4335468,4,0
037c5f66-80c4-3235-ae06-df8bab8f8192,dae3ee01-f383-366e-9ad6-dc92963064ea,Kristin64 Will178,F,GENERAL PRACTICE,1233 MAIN ST,HOLYOKE,MA,010405381,42.16578055,-72.63389634691956,374,0
07e20553-14c2-3724-ba1e-2fc6c2ce7ba2,a7b047dd-186a-32de-8187-b0853c05aed6,Julio César525 Lozada73,M,GENERAL PRACTICE,180 LOW STREET,NEWBURYPORT,MA,019503519,42.815683050000004,-70.89666045994463,10,0
34d668b8-6059-31a9-90c5-19cac56644dd,6d947ed4-9b7f-3720-8141-67109691d2e7,Kenia28 Eichmann909,F,GENERAL PRACTICE,73 Eagle Street,Pittsfield,MA,01201,42.451427,-73.25195,44,0
1fe44f2d-736c-387f-b7ef-e597e03d40ea,dac75bc1-cbfa-306b-9a0a-88d5edf3638d,Addie421 Ebert178,F,GENERAL PRACTICE,170 COREY ROAD,BRIGHTON,MA,021358244,42.3433093,-71.14003855124017,15,0
69816b15-35bb-32fa-bed2-84a4fce5a806,9d283097-e706-3421-8b98-948b1fdadf30,Maryellen651 Jast432,F,GENERAL PRACTICE,42 PROSPECT AVE,WEST SPRINGFIELD,MA,010894510,42.157666846720865,-72.63485704670578,2,0
6e6e3024-fb78-3c47-9a48-f69998d4100b,9d989fcf-4ad9-3972-ada3-f275d967781e,Dominic463 Miller503,M,GENERAL PRACTICE,100 TER HEUN DR,SANDWICH,MA,025632377,41.7579043,-70.4968152,209,0
80baea98-5351-3713-ad69-0d39428570e0,87472bc2-7c23-37cc-8355-7f3e88614b6b,Leilani136 Kris249,F,GENERAL PRACTICE,305 MAPLE STREET,EAST LONGMEADOW,MA,010282765,42.059258494749486,-72.53388585052694,36,0
6843bbe6-cc01-35b6-9dfe-e86ec761b3b7,b69bccdc-5ad3-3ded-a018-3cd8f369c9d2,Wendell199 Ziemann98,M,GENERAL PRACTICE,120 S MAIN STREET,CENTERVILLE,MA,026323246,41.649898300000004,-70.34309844876677,8,0
a46e5bd0-52fb-3045-9657-f843c0b738cf,af3871c3-2098-3051-bcb7-8a919e194a16,Sherwood961 O'Conner199,M,GENERAL PRACTICE,97 LIBBEY PKWY,WEYMOUTH,MA,021893110,42.19322885,-70.94589987654936,69,0
19756a6e-732d-36de-9372-03d3a38b9dba,a2cc09de-c1e2-3126-8c09-d49f95225281,Cristi782 Leannon79,F,GENERAL PRACTICE,300 LONGWOOD AVE,WALTHAM,MA,024532741,42.3756401,-71.2358004,9,0
2df58654-fbe6-3e1d-a265-b4646ab4da10,1de1aeee-4088-391b-af7a-95d7cfaeaf32,Jerrod232 Denesik803,M,GENERAL PRACTICE,57 PROSPECT ST,NANTUCKET,MA,025542799,41.27514065,-70.10108985970798,43,0
facd9295-ff6d-3702-b93e-1862785103ac,0519b293-2e92-3eb3-aeef-233da0babc93,Juan88 Friesen796,M,GENERAL PRACTICE,40 PARKHURST ROAD,CHELMSFORD,MA,018241511,42.6198215,-71.36189212971482,7,0
10a0fe94-a74c-3463-bd57-27be9f26f996,5c896155-eb9a-383e-9162-a43ebb7f1cc5,Nannie905 Mayert710,F,GENERAL PRACTICE,400 LINDEN PONDS WAY,HINGHAM,MA,020433784,42.1972249,-70.91712645007524,7,0
ca252090-d7f6-3ae5-aae0-127bdbfaf646,c5403c4f-14d5-3171-9227-a9b8327f3149,Tyler508 Ferry570,M,GENERAL PRACTICE,52 OLNEY RD,CHICOPEE,MA,010202103,42.1487691,-72.6071119,86,0
f8c44457-a0a0-3fcd-ae7a-40911c452685,a730c5e6-a15f-3e36-8112-8579e507d330,Althea11 Ankunding277,F,GENERAL PRACTICE,28 LORD RD,MARLBOROUGH,MA,017524549,42.34718040987546,-71.57283065352654,85,0
6fa32e45-5c71-3683-a1c9-f46770af5368,4ffc4e4b-9d8d-3c30-ad84-fc9a7209da94,Madelyn308 Carter549,F,GENERAL PRACTICE,4525 ACUSHNET AVENUE,NEW BEDFORD,MA,027454727,41.74080975,-70.94731021257817,4,0
fb2bad2b-008d-37ca-bf23-a802073f5593,1ef8d603-bec1-35f5-a830-2a0b919cf47f,Dudley365 Kutch271,M,GENERAL PRACTICE,1801 TURNPIKE STREET,NORTH ANDOVER,MA,018456322,42.6355548,-71.0761760490546,2,0
5c4b5ac6-a107-3d8f-8c1a-165e6c6b2464,9e469108-97a0-350a-b6ba-be2a286b3dcc,David908 Mueller846,M,GENERAL PRACTICE,150 FLANDERS RD,WESTBOROUGH,MA,015811017,42.2770724,-71.5679154706427,15,0
6a5efd52-cfb4-3984-84cd-2b8cf2fc5abb,afc661fd-71d9-3fc3-adf2-3fc3b5e8a140,Hyman89 Schmeler639,M,GENERAL PRACTICE,680 CENTRE ST,RAYNHAM,MA,02767,41.9487118,-71.0731008,9,0
2f7f16ba-66ce-3a16-8667-80ff440795c7,06cc2462-430f-3322-9c87-7e971125f510,Kai187 Mann644,F,GENERAL PRACTICE,133 OLD ROAD TO 9 ACRE COR,WESTFORD,MA,018863198,42.5792583,-71.4378411,383,0
aa6a9efa-5466-3e5b-8521-c9ba916c3618,4932efc0-a23f-3f57-803e-554caa6ae7a8,Nathalie366 Nitzsche158,F,GENERAL PRACTICE,2446 HIGHLAND AVE,FALL RIVER,MA,027204504,41.73521465,-71.12778915697172,1,0
483f9ab8-9c48-3865-bdb3-88b1b59539ee,ee7fab6f-6438-394f-b1f2-3e452f8f055a,Trey250 Satterfield305,M,GENERAL PRACTICE,75 BRIMBAL AVENUE,BEVERLY,MA,019156009,42.570099299999995,-70.87108224250409,5,0
786c437d-cae4-32c7-ac18-aa059c83006c,79508e39-d0b0-3613-9d54-168f6e1c3a18,Lynwood354 Tromp100,M,GENERAL PRACTICE,200 GROTON ROAD,GROTON,MA,014502056,42.577352149999996,-71.57414587343038,22,0
e16a203d-1734-34a2-bf6f-ac29c0433114,352f2e3b-0708-3eb4-9f7e-e73a685bf379,Araceli695 Willms744,F,GENERAL PRACTICE,157 UNION ST,SOUTHBOROUGH,MA,017721215,42.3056501,-71.5245087,727,0
977cd0aa-590c-3c3c-9755-516c6d2c39aa,a2d45ee8-b930-3169-b612-f602961ad212,Florance664 Leannon79,F,GENERAL PRACTICE,37 MINUTEMAN WAY,SHREWSBURY,MA,015452229,42.288207,-71.73443816915585,88,0
851b2f13-1f21-39fc-be6c-0d1dc34e3377,4887dc20-9ef6-3cc2-9c56-858388049a50,Kimberlie352 Kertzmann286,F,GENERAL PRACTICE,168 WEST CENTRAL STREET,NATICK,MA,017604122,42.282113100000004,-71.37898579435048,7,0
743611c4-6f27-3586-9dd0-b5dafe0df9f6,10ffe7b1-2f94-3f12-9288-679da05a1ec9,Odessa199 Hintz995,F,GENERAL PRACTICE,133 LITTLETON RD,WESTFORD,MA,01886,42.57056335,-71.41736646422413,33,0
57699be1-2eba-302f-b27e-90c2fdfa1c75,4fa643ae-1f58-3c2e-9f33-0ba56345ad10,Trevor374 Williamson769,M,GENERAL PRACTICE,361 MAIN ST,WAREHAM,MA,025712153,41.761384899999996,-70.71911431737183,138,0
ff148114-fd73-310a-8bb8-7ec1b7c11cc2,fb4a08b8-57ee-382b-b3cb-43d94f1bb4c0,Theo630 Hammes673,F,GENERAL PRACTICE,1010 SOUTH MAIN STREET,FALL RIVER,MA,027242855,41.690775450000004,-71.16515282264554,32,0
ad67ada0-a14d-301f-bcdc-ce66b36cc23d,f43f97f2-af04-3ed0-a42e-3681718cc9b2,Dorcas534 Quigley282,F,GENERAL PRACTICE,725 NORTH ST,PITTSFIELD,MA,012014109,42.4600752,-73.2492795834909,4,0
8869422f-73e2-3ccb-8753-b9ecc4c0fc0a,7ac466c6-7968-33fd-882c-6d5418f88c8a,Valeri645 Hayes766,F,GENERAL PRACTICE,2 MEETING HOUSE RD,CHELMSFORD,MA,018242700,42.60140085,-71.35097894451894,15,0
157df6e3-7f63-33ba-b23d-64818c1b4974,2f67494e-f17e-3248-ba68-3ca42913cca1,Brock407 Bergstrom287,M,GENERAL PRACTICE,184 MAIN STREET,FAIRHAVEN,MA,027193259,41.646106,-70.90865208079187,2,0
f19d4c32-0f8b-36ac-a965-2f8d46588a6a,069b90f9-309b-35e4-b990-d1dbacb962cc,Thomas756 Strosin214,M,GENERAL PRACTICE,36 LOWER WESTFIELD ROAD,HOLYOKE,MA,010402749,42.16975305,-72.63488031242107,15,0
4f3da414-772f-3f59-8004-5b1f148589e1,936ceb96-2b12-371f-aa68-ee02a9c06f4c,Alan320 Keeling57,M,GENERAL PRACTICE,225 BOSTON ST,LYNN,MA,019043124,42.470497449999996,-70.96003668151566,70,0
c9f01d25-8ef0-3cb1-8772-7ca1fde7b46b,dfcd78f1-f67e-321d-84e3-f658c482c474,Sancho742 Miramontes145,M,GENERAL PRACTICE,64 WOODLANDS WAY,BREWSTER,MA,026312550,41.737807,-70.0036669,35,0
341b23a8-3ed8-32cc-b383-561d253f6d94,a855314b-4fb5-37fc-8015-5caa96c928b1,Terrence276 Kiehn525,M,GENERAL PRACTICE,759 CHESTNUT ST,SPRINGFIELD,MA,011991001,42.121522049999996,-72.60300615153007,95,0
2bd495ad-9b02-31e4-b527-d38d5cff57e6,0a8a4b11-d0b8-3cd2-92cd-983de5189cfa,Angelena945 Nicolas769,F,GENERAL PRACTICE,111 BIRCH STREET,LYNN,MA,019021574,42.47859105,-70.93458444045801,2,0
5f6852cd-8bd6-3257-bdc9-b087fdd7d905,cabc0f0d-dcca-34a2-bc6b-519ed1cc7f74,Elicia233 Huels583,F,GENERAL PRACTICE,191 MERRIMACK ST STE 712,HAVERHILL,MA,018306199,42.7742236,-71.08181133783422,53,0
bd07bf53-b808-34ff-8358-fa83c188e2ee,d94fe085-4c7b-36c9-a255-3f700d402d36,Christina143 Goyette777,F,GENERAL PRACTICE,430 N CANAL ST,LAWRENCE,MA,018401246,42.70511426530612,-71.16431740816327,30,0
f795365a-ff66-322c-a840-5bda4753dc94,7b7ce654-a413-37d1-9d34-97240c0ac580,Landon622 Kihn564,M,GENERAL PRACTICE,1 WRENTHAM ST,BELLINGHAM,MA,020192532,42.025037350000005,-71.48945118224057,1,0
f4d80f3b-7412-34f2-aab9-fd5223f2cca2,3e97ce4f-3ad7-3cea-883f-e2bb4ca89d83,Dan465 Swift555,F,GENERAL PRACTICE,30 NEW CROSSING RD,READING,MA,018673270,42.51809619399502,-71.0959083715027,3,0
8df5011d-74fe-356f-869a-2c56ace32929,4f59f709-8b84-3d27-a04b-c6b7b5544413,Jamison785 Davis923,M,GENERAL PRACTICE,70 BOLTWOOD WALK,AMHERST,MA,010022271,42.3768779,-72.51840280783739,56,0
fc6afc7d-ad68-3b9c-97e2-cbea42c1a6d0,36d328a2-68bb-3967-a9bf-00897a7c945f,Jettie913 Rodriguez71,F,GENERAL PRACTICE,299 WAREHAM STREET,MIDDLEBORO,MA,023462905,41.869676,-70.873384,6,0
caf959bf-66de-3b98-9583-15efd487a5ba,79d49935-bcc0-36ca-920b-45365c367438,Sherita708 Hudson301,F,GENERAL PRACTICE,409 W BROADWAY,SOUTH BOSTON,MA,021272245,42.336831,-71.047958,32,0
8ea12e69-c858-3803-ac93-b9df78bba231,51370692-6296-3150-8672-559fc73f964f,Jeromy156 Okuneva707,M,GENERAL PRACTICE,75 FRANCIS ST,WEST BRIDGEWATER,MA,023791542,42.0219112,-71.019004,125,0
0b2753c3-08f6-376f-8f03-32fe444f2151,b5b380d2-df21-3389-abf0-08551c7e1f2d,Madeline975 Friesen796,F,GENERAL PRACTICE,85 PATTON RD,DEVENS,MA,014344401,42.5304204,-71.61505519305638,12,0
d82ee655-c891-32ef-8864-e0ba3beea675,06376cbe-4880-384b-b459-7ce3eef36ced,Lynwood354 Ratke343,M,GENERAL PRACTICE,387 QUARRY ST,FALL RIVER,MA,027231026,41.6932713,-71.1402431739568,69,0
87b52952-f43c-3f9f-9f5d-09264f1bd49b,b3312a2d-37e9-35a8-b50d-6c165c437baa,Eliseo499 Reinger292,M,GENERAL PRACTICE,45 DIMOCK ST,ROXBURY,MA,021191029,42.32030665,-71.09721114916246,8,0
b022ccf9-9ca5-3066-953c-926a86e6dbb5,b6717471-7f78-32c4-b1c5-e3a6310553d7,Tilda804 Roob72,F,GENERAL PRACTICE,15 RAILROAD AVE,TOPSFIELD,MA,01983,42.6375935,-70.9494966,200,0
5d7156ba-e763-3ffe-8d6f-82d92d45757b,2836d9ac-c6a6-39d1-8f13-fdf0fc8928f4,Alysha630 Koch169,F,GENERAL PRACTICE,365 EAST ST,TEWKSBURY,MA,018761950,42.6069472,-71.2180803,36,0
b7b47e55-1651-30a1-bd1d-668503094fef,a2f8d8fe-665e-390f-8b9b-efdc0b14a77c,Armand155 Towne435,M,GENERAL PRACTICE,161 JACKSON ST,LOWELL,MA,018522103,42.6425382,-71.3093946,3,0
704dac94-2e26-352a-82ac-0676be2128ad,7dddc0c2-9f1d-3e4e-b2f2-fc7e6abbed31,Bryan958 Gibson10,M,GENERAL PRACTICE,160 MERRIMACK STREET  SUITE 1,METHUEN,MA,018446117,42.7334079,-71.13599310716302,5,0
fef68345-cbad-398e-bc52-672e2109b005,b5e6f1bd-c744-3556-9775-5ff8399eea33,Hedwig986 Wiza601,F,GENERAL PRACTICE,2284 MAIN ST,CONCORD,MA,017423829,42.44300895,-71.42458458423982,69,0
c5580b2d-6d52-3244-ac1d-817e640dcd71,04b252db-4231-3cb5-963d-6f096fb4b97c,Horace32 Grady603,M,GENERAL PRACTICE,1177 PROVIDENCE HIGHWAY,NORWOOD,MA,020625019,42.194543,-71.1994976,3,0
4e303d2c-16a2-3e44-a695-9eddcff9d44f,e2eab39c-5195-34aa-b35f-e89e37cfed01,Miguel815 Roberts511,M,GENERAL PRACTICE,55 FOGG ROAD,WEYMOUTH,MA,021893141,42.175539799999996,-70.9539153674405,235,0
b63c0cf9-d022-3888-92b7-f8591f0555ec,1de7e7d9-9a7a-3a3f-bf4c-b4de450711f2,Clelia416 Morissette863,F,GENERAL PRACTICE,198 LITTLETON RD,WESTFORD,MA,018863429,42.564282,-71.42620615382347,16,0
34184081-cc32-32ac-8b58-df2fec6e60c2,497f39dd-280e-3d58-af5b-c5e3a3a09b10,Randy380 Bergstrom287,F,GENERAL PRACTICE,27 PARK ST,HYANNIS,MA,026015230,41.65363635,-70.27352219234834,151,0
06835ebf-7bed-38b5-a524-07556b88e2c8,b0762027-dc86-335b-8310-f4f031c1caca,Elijah719 Swift555,M,GENERAL PRACTICE,765 WEST CENTER STREET,WEST BRIDGEWATER,MA,023791517,42.01302315,-71.05345585281756,1,0
02c70878-c01a-3627-9af2-43944647b191,eaaf102d-0188-3a69-a751-030645e2a7b0,Leonor133 Muñoz828,F,GENERAL PRACTICE,605 MAIN STREET,WAREHAM,MA,025711031,41.76766153042966,-70.73096212925822,6,0
c293334e-4dad-3798-815a-d5505477aeb5,578b56de-fe9c-32e1-aea4-876f8bc01e9c,Ollie731 Dooley940,M,GENERAL PRACTICE,49 HILLSIDE STREET,FALL RIVER,MA,027205211,41.707406500000005,-71.14593659462452,97,0
a748b628-d695-3bb7-bf7d-ffc25a4eef59,5608c6ae-1f1d-368e-8172-aea4d9d2aefd,Jerónimo599 Tello902,M,GENERAL PRACTICE,12 KENT WAY STE 210,BYFIELD,MA,019221221,42.75468625,-70.9451078257969,2,0
bce97484-f03d-374a-bd3d-2275e94f27a6,a525d084-5a8f-3859-a048-2130a4092ec8,Samuel331 Runte676,M,GENERAL PRACTICE,2 MOUNT ROYAL AVENUE  SUITE 350,MARLBOROUGH,MA,017521976,42.34042135,-71.57841367654626,11,0
295dd05c-4bbd-3c0c-9c58-f3458f883fea,accb8cdd-6560-3fef-b0a6-f12c3295026a,Gerardo48 Bergstrom287,M,GENERAL PRACTICE,969 PARK STREET,ATTLEBORO,MA,027035115,41.9266899,-71.2611303145582,10,0
f2f23894-ad40-3557-9375-e7dd203c2b9a,a2df2aea-9c53-31f4-baea-02ea5ea1e553,Almeta56 Lehner980,F,GENERAL PRACTICE,95 LAUREL STREET,GREENFIELD,MA,013013106,42.58163075,-72.61795013515538,1,0
8608e077-abdf-3940-b879-0aca1163c6db,390a2aa4-70b4-3a64-a12f-9bd777834c8d,Hunter736 Howe413,M,GENERAL PRACTICE,710 MAIN STREET,HARWICH PORT,MA,026461931,41.669654699920855,-70.06169919459835,2,0
bbf502fa-41e1-30c1-b96b-b9fc6fa9b7a9,18a96051-91f4-3cba-af96-056ea14dfee0,Silva841 Grimes165,F,GENERAL PRACTICE,25 HIGHLAND AVENUE,NEWBURYPORT,MA,019503872,42.81369325,-70.89091645747592,24,0
76c4c5c2-bd20-3736-91c2-e1ec92746171,1ab2b5f9-cb95-3236-beec-9b9d4a407c61,Carroll471 Eichmann909,M,GENERAL PRACTICE,725 NORTH ST,PITTSFIELD,MA,012014109,42.4600752,-73.2492795834909,6,0
c49eb9ac-f90f-3877-965a-021ed1aec1f0,5b0cd0a0-f277-3a66-bee6-d64b5be4a3f5,Maryann106 Hintz995,F,GENERAL PRACTICE,725 NORTH ST,PITTSFIELD,MA,012015493,42.4600752,-73.2492795834909,6,0
374c0d02-9e48-3504-be5e-8abcc9645879,4956f573-3dc2-3a67-9692-2f57451744e6,Gerry91 Davis923,M,GENERAL PRACTICE,400 BOLTON STREET,MARLBOROUGH,MA,017523912,42.35966285,-71.55290125539051,2,0
8115b248-df90-3980-996a-d88f28e5090e,69195f53-626c-3031-b4de-d0b206f75d8c,Hal307 Wiegand701,M,GENERAL PRACTICE,174 FOREST HILLS ST,BOSTON,MA,021303353,42.306401050000005,-71.10237442688054,3,0
9d3db1a1-5918-31c7-96f2-5535adea3cdf,b44955d1-f0e2-3beb-a013-708a81dbe430,Idella49 Runte676,F,GENERAL PRACTICE,680 CENTRE ST,WEST BRIDGEWATER,MA,023791600,42.0219112,-71.019004,28,0
4527f35e-a687-308f-ae1b-5c2933d2b24f,c1986c0c-f756-3596-8f90-08adacf220fe,Dong972 Auer97,M,GENERAL PRACTICE,73 CHESTNUT STREET,SAUGUS,MA,019061605,42.4573919,-70.9918055,7,0
fc5ecbe5-94d3-3852-8c68-f39dc123552a,ad2dab07-4f85-3950-baaa-7c7cd2aa770c,Gertrud593 Kuhic920,F,GENERAL PRACTICE,55 LAKE AVENUE NORTH,WORCESTER,MA,016550002,42.2774799,-71.76166994969458,3,0
d7424d98-244e-3d67-a8a9-6bd50bad76e4,0d9b0d22-585e-3fd8-ab02-26b5be7915d1,Duane703 Koelpin146,M,GENERAL PRACTICE,516 CAREW ST,SPRINGFIELD,MA,011042330,42.12133575,-72.59217953646302,117,0
b74b56a7-08ff-3f4d-b1b8-9faebe5159e4,1853aeef-5897-326a-80d6-aa4b0459eb6d,Jewel43 Kassulke119,M,GENERAL PRACTICE,381 WICKENDEN ST,ATTLEBORO,MA,027032247,41.9438129,-71.2806515,37,0
96b4b503-a5e0-3d11-b66a-af739074d696,f3030ee3-dfa5-3595-b684-9769e52a580a,Etsuko685 Torp761,F,GENERAL PRACTICE,88 MASONIC HOME ROAD  DAVENPORT BLDG  2ND FL,WEST SPRINGFIELD,MA,010891357,42.105237,-72.6213712,6,0
1146d7fe-1474-3b9b-b156-4ff7d3767d5b,2ca615f3-87f7-3283-a447-d919a883b676,Elizbeth263 Dickinson688,F,GENERAL PRACTICE,1399 WASHINGTON ST,HANOVER,MA,023391653,42.1441354,-70.8440854,35,0
60f935e3-fb08-3986-9dd0-46aeb7f72636,c0a33465-d309-3d2a-932e-9d554a7cc19c,Nathanael908 Rogahn59,M,GENERAL PRACTICE,100 CENTURY DR,WORCESTER,MA,016061244,42.3138278,-71.7707002,112,0
f6341743-aa33-3d05-adfd-d4677993c42c,7f32dd7d-5c35-3ddb-839b-8fbbb930d412,Luna60 Littel644,F,GENERAL PRACTICE,863 CENTRAL STREET,FRAMINGHAM,MA,017014813,42.30758060362541,-71.42846215724606,8,0
c503ca7c-a765-3d8d-b619-4d0a27928de8,e02d9c87-52cb-3f3c-9f97-fe95f260c437,Sheldon401 Hoeger474,M,GENERAL PRACTICE,321 MANLEY STREET,WEST BRIDGEWATER,MA,023791022,42.0338457,-71.05496436428572,23,0
83aab56b-e61b-3cae-961f-e1c80fa864ce,bb867d36-0c8d-33b4-b19c-a8c026655b6c,Lahoma872 Macejkovic424,F,GENERAL PRACTICE,200 KENDALL ST,SPRINGFIELD,MA,011042532,42.12161175,-72.57784860231564,2,0
06903303-f505-3ccb-bc6f-8edfed8facb7,1b3fe590-8793-3f08-865d-01fc425a84d4,Fredrick998 Wintheiser220,M,GENERAL PRACTICE,1340 BOYLSTON ST,BOSTON,MA,022154302,42.34392675,-71.09888049065322,28,0
8c479ea3-6fdb-3244-9b7f-ffcba3f68d1f,3f12ebb4-e03c-3453-88d2-4fc9682383df,Irina619 Stiedemann542,F,GENERAL PRACTICE,726 COUNTY ST,NORTH DARTMOUTH,MA,027473603,41.6389926,-70.9703171,35,0
1410ef1c-a971-375a-8c34-4a229b9b80dc,9fdce5d5-d4d0-3156-a8d5-8757bfe4e9b3,Rosario163 Kilback373,M,GENERAL PRACTICE,1 FARMER CIR,ARLINGTON,MA,024742866,42.42405225,-71.16792616556859,16,0
79efaf22-740f-39bc-b580-94eb7c92c12f,b014aec7-7bd8-351f-8808-3e280cbc5be6,Rosaria177 Volkman526,F,GENERAL PRACTICE,70 EAST ST,HAVERHILL,MA,018306700,42.7777829,-71.0767724,52,0
ace2fa55-d8e3-3d5c-9fbc-c03913e0c66e,fc90e623-9edb-30a7-9040-29968f8ebaa8,Kori635 Stiedemann542,F,GENERAL PRACTICE,271 CAREW ST,SPRINGFIELD,MA,011042377,42.11597825,-72.59301656598424,47,0
06057ba5-d6fc-31cd-bfb3-004cb19ef7bf,e5b9db6a-8dd8-3622-b9ce-3dc593e111d1,Harvey63 Tromp100,M,GENERAL PRACTICE,1223 BEACON ST STE A,BROOKLINE,MA,024465332,42.3430087,-71.1170155,36,0
2d07c5a1-2908-3ce7-a1f8-1a2451a99a46,36c8b677-a6ce-3266-b71e-ed86d778d0fa,Rebekah348 Rippin620,F,GENERAL PRACTICE,300 FRIBERG PKWY,WESTBOROUGH,MA,015813900,42.28350315,-71.58027718702151,11,0
96c200b3-54c1-3447-b8d3-6e69c5482982,a1a024f0-95e2-3db4-a771-e2f17c5da162,Shella455 Schmidt332,F,GENERAL PRACTICE,18 NEWTON ST,BROCKTON,MA,023015115,42.0785392,-71.02602473630952,54,0
9375c219-1ca8-35ca-98c0-a4fe8d1e6eb4,aad05540-c9cb-3805-b3c4-f9b9d9b42b2e,Arla414 Fritsch593,F,GENERAL PRACTICE,821 E MAIN ST STE 3,CHICOPEE,MA,010206306,42.155774795300516,-72.55672263289513,19,0
031daa95-e86b-3f3b-8195-fd894cecbf83,2e73956a-942f-36f3-b88c-f88e782e578f,Elli820 Boyle917,F,GENERAL PRACTICE,790 TURNPIKE STREET  SUITE 202,NORTH ANDOVER,MA,018456138,42.661547049999996,-71.10774565195425,4,0
cb6d8e23-7f41-394c-a36d-3594039217cb,23f4c49f-6f12-31dc-a18e-70cb1bca994e,Mariana775 Price929,F,GENERAL PRACTICE,687 HIGHLAND AVE,NEEDHAM,MA,02494,42.2988073,-71.23245449999999,11,0
93c6c77b-00c3-3712-93c4-a0e6bcc65bc1,5de0661c-5943-365b-93c7-8ab84e1df09c,Delbert384 Carter549,M,GENERAL PRACTICE,28 LINWOOD RD,LYNN,MA,019051638,42.4703546,-70.964796190519,1,0
ba744bad-7344-380b-a171-d7534376764c,25c85bcc-7e25-36bc-89e8-08e0d473db23,Stephen891 Okuneva707,M,GENERAL PRACTICE,138 S MAIN ST STE 14,MILFORD,MA,017573272,42.1270746,-71.51639128815474,13,0
e7412ac8-91e2-380d-adb4-a433e982e7a8,6ff4bb75-c014-3f73-a574-620cf1538d85,Manda751 Hamill307,F,GENERAL PRACTICE,250 GREEN ST,GARDNER,MA,01440,42.586896550000006,-71.98672640006858,40,0
1e88097b-72c2-3263-801d-423e057b916b,e68de1a0-767e-3466-b9a6-43948ee073d3,Gene733 Ratke343,M,GENERAL PRACTICE,160 WELLS AVENUE,NEWTON,MA,024593302,42.29337605,-71.19806353028767,1,0
f3045718-a09a-30a1-b946-2df6cdeebbb0,d6c165ec-d9ca-35a5-9bc8-2061cbfb83a2,Stuart913 Lynch190,M,GENERAL PRACTICE,10 ADAMS ST,NORTH CHELMSFORD,MA,018631780,42.6389249,-71.3840196,61,0
a7b30318-d85b-346e-bbec-56ebe1e81ed5,1cec4304-9757-3a10-ad4f-7e2090c56131,Theo630 Rohan584,M,GENERAL PRACTICE,55 LAKE AVE N,WORCESTER,MA,016550002,42.2774799,-71.76166994969458,31,0
f70b2b32-27a3-3a5a-a00d-b65ccb40e30e,ec7e487e-7e78-3eac-a9ee-37f8de98a0f9,Marlene554 Hammes673,F,GENERAL PRACTICE,277 WASHINGTON STREET,ABINGTON,MA,023512489,42.10060947239023,-70.94967338146704,5,0
cb54b3a9-afa8-3296-9720-4189643c0a6f,20df65a4-7567-3066-b680-0f71b0c31d38,Rayford811 Bashirian201,M,GENERAL PRACTICE,242 GREEN ST,GARDNER,MA,014401336,42.58685735,-71.98748072431209,99,0
e2afd94f-bcb4-319c-b313-5950e2532712,7dcab1ad-0e13-3700-9eb0-70767c5e2b55,German382 Wilkinson796,M,GENERAL PRACTICE,1515 ALLEN ST,SPRINGFIELD,MA,011181803,42.095299499999996,-72.50943136142334,58,0
776c131c-6517-35f8-b12f-bd9ea0267fc3,c630c98b-cbfb-3260-a984-4bbf511de98d,Winston220 Beier427,M,GENERAL PRACTICE,135 S HUNTINGTON AVE,BOSTON,MA,021304885,42.328899,-71.110855,1,0
d5890a69-a3fe-37fc-bb32-41a4cf94f652,9dbd44ba-59b2-3d1d-ac91-3880af8081d2,Tori754 Larson43,F,GENERAL PRACTICE,529 MAIN ST STE B,ACTON,MA,017203965,42.4878132338563,-71.43046999422496,60,0
63df26f1-4422-3fc9-a00c-de6cd06d32e8,b7866c75-5e56-36b0-b9c5-c63051677b69,Neida631 Skiles927,F,GENERAL PRACTICE,45 RESNIK RD,SANDWICH,MA,02563,41.7579043,-70.4968152,96,0
1ee03ce9-13c0-380f-86d7-2ca565b0bb68,3465062e-288a-395c-abbe-2813f9c7b8a1,Tyrell880 Veum823,M,GENERAL PRACTICE,22 MAPLE ST,AMESBURY,MA,019131304,42.857005,-70.94281582407783,1,0
d9b623df-df9c-397a-8515-7da29566bbd3,4eddfa13-f996-3048-9bbc-541b0a29038a,Annelle169 Schmidt332,F,GENERAL PRACTICE,736 CAMBRIDGE ST,BRIGHTON,MA,021353601,42.348649949999995,-71.14799584850206,11,0
8df947f7-5214-3795-9707-b0e663474b90,845fbd9b-2d1c-39a8-8261-28ae40e4fab2,Bennett146 Rippin620,M,GENERAL PRACTICE,14 PROSPECT STREET,UPTON,MA,015681431,42.1700209025178,-71.59409308099494,4,0
acd98e88-a0dd-3558-93cc-2de197f05541,bac9dc0c-cb0f-3fa6-aa12-819dd0fb922a,Nicholas495 Greenfelder433,M,GENERAL PRACTICE,1493 CAMBRIDGE ST,SOMERVILLE,MA,021452935,42.3875968,-71.0994968,1,0
dc2ebfaf-e494-3956-8896-285956ef2641,9ce6072b-d039-3cde-8eaf-950211b8ae88,Saul605 Ratke343,M,GENERAL PRACTICE,147 S MAIN ST,MIDDLETON,MA,019492446,42.585787222720036,-71.00861442427218,27,0
1cff345b-471b-3255-8c02-c9d22cde5134,af8566eb-8918-3ec7-ba44-92b6a2cf8097,Madelaine318 Walker122,F,GENERAL PRACTICE,81 HIGHLAND AVE,SALEM,MA,019702714,42.5112107,-70.90516241826194,37,0
0a57d970-da18-37ee-9ef3-a842ed8dd489,4058ca7b-c48b-3aaf-8de9-fc421f6a9e1c,Darby868 Klein929,F,GENERAL PRACTICE,199 ANDOVER STREET ROUTE 114W,PEABODY,MA,019601630,42.5278731,-70.9286609,1,0
7cfcce57-00f2-32da-abcd-298e6202f81d,ecd3b321-0a8a-3ce6-81f0-982dd77fce43,Hunter736 Lesch175,M,GENERAL PRACTICE,25 HIGHLAND AVE,NEWBURYPORT,MA,019503867,42.81369325,-70.89091645747592,67,0
140bacd3-3d41-34cf-9938-fdda961f560b,eb2596c3-8814-3add-8516-474214bf5c62,Jaqueline846 Lemke654,F,GENERAL PRACTICE,250 W UNION ST,ASHLAND,MA,017211420,42.24214015,-71.48110671819278,2,0
2fa42222-b143-3982-ac3e-bfd02dc487ad,0ebe55cb-ce87-31fb-bced-cfe11130b290,Harland508 Williamson769,M,GENERAL PRACTICE,464 HILLSIDE AVE,WEYMOUTH,MA,021893104,42.2212188,-70.9391625,42,0
ab03e858-b5a2-3749-b5d7-f5b19b5822b4,058176fd-cbb0-328b-8411-c19f5045032d,Dion244 Sanford861,M,GENERAL PRACTICE,840 EMERSON GARDENS ROAD,LEXINGTON,MA,02420,42.43761961817366,-71.19888753880475,1,0
baabb1cf-4d56-3373-bc40-d50367d890c5,a036cdf2-bbc5-3ffd-987f-56e437fd8b74,Lashanda692 Gutmann970,F,GENERAL PRACTICE,265 N MAIN ST,SOUTH YARMOUTH,MA,026642083,41.680980000000005,-70.18292625685085,8,0
a45098e7-04a1-373e-b581-19dddf3842cb,03d7ee12-bdfe-3e48-9d29-757eb6f01ad0,Phuong301 Wisozk929,F,GENERAL PRACTICE,44 SUMMER ST,DANVERS,MA,019231574,42.57663745,-70.94996137026163,2,0
9f60acb1-e230-3b3b-b0c5-631c9c94c906,4f5e8f16-a31b-3071-8556-d7188ede313d,Barrett790 Wolf938,M,GENERAL PRACTICE,575 BEECH ST,HOLYOKE,MA,010402223,42.20105435,-72.628169560868,39,0
959b3b62-aa80-325c-8fc9-93651b4d35f6,615416de-5217-3c11-9828-2d4bacd1d9cb,Brooks264 Williamson769,M,GENERAL PRACTICE,434 ROUTE 134,HYANNIS,MA,026011854,41.6753274,-70.309939,4,0
720a8a15-fb3e-3265-ab24-bd99a2e5698a,f90ef475-defe-363d-a926-573b38f804a2,Bea654 Schiller186,F,GENERAL PRACTICE,54 HOPEDALE ST,HOPKINTON,MA,017481672,42.2288875,-71.5196439,37,0
6b7c1c07-1100-3831-b515-5b8e055df8df,a25107f7-f4f5-36fc-98e4-f3e1b5875c91,Tracy345 Wilderman619,M,GENERAL PRACTICE,1285 BEACON ST,WOBURN,MA,018012157,42.4979478,-71.1684508,2,0
a9d8c737-de76-3136-9bdd-f58a6b25d9b1,0e6c3ad1-24c1-34cb-bb6d-e8438fa319e2,Vern731 Casper496,M,GENERAL PRACTICE,50 DODGE ST,SWAMPSCOTT,MA,019071300,42.4699241,-70.9171507,25,0
fd0f0896-a57a-396a-80b4-17b8e90c18c2,b4ca31a9-9d34-3ea1-93c4-443941622304,Ellie521 Nicolas769,F,GENERAL PRACTICE,102 MAIN ST,GREENFIELD,MA,013013224,42.5879173,-72.6055828841603,35,0
c7599d77-694f-341e-a03e-04e835d5479e,63b93742-6c13-3309-92b6-f7c858e9f320,Marietta439 Schmeler639,F,GENERAL PRACTICE,77B WARREN ST,BRIGHTON,MA,021353601,42.348002699999995,-71.14205064012461,146,0
f07f3ff7-c733-3395-9e1d-3e0321bd36ec,05fcf001-ab24-3d7d-85f7-f64942d82738,Nickolas58 Schumm995,M,GENERAL PRACTICE,250 POND STREET,FRAMINGHAM,MA,017014592,42.2838619,-71.4093719,171,0
24c4e4a6-dfc7-3f59-b2ea-40f4038525a0,83769f98-fff3-3535-8781-6ace5957136f,Harland508 Breitenberg711,M,GENERAL PRACTICE,115 NORTH AVENUE,ROCKLAND,MA,023702129,42.13496385,-70.92237824494691,14,0
df33957e-3cb0-3154-96f4-e7694888a424,e7b77e8f-b607-3273-aef9-ad1bca48813f,Ivonne773 Turcotte120,F,GENERAL PRACTICE,209 W CENTRAL ST STE 216,NATICK,MA,017603716,42.28202598359604,-71.3899479380402,61,0
cde05540-cb3f-3558-bf14-197d03912a07,b8d40f5c-9e4d-3639-89ef-8bf375cb3184,Sarai636 Howe413,F,GENERAL PRACTICE,190 OLD DERBY STREET,HINGHAM,MA,020434065,42.1807101,-70.9170852970031,1,0
8301b002-b4b7-3dc2-91e1-7e68f820c1ba,e5d50afe-8c7d-35f5-96f5-fb8941403b0f,Amparo58 Hayes766,F,GENERAL PRACTICE,125 S CLARK ST STE 900,FALL RIVER,MA,02722,41.74223,-71.129706,62,0
48387369-66c9-31db-81ff-b5867c16ea4c,9adfae03-673d-365d-9052-f705098fa3e4,Sharilyn202 Wolff180,F,GENERAL PRACTICE,51 BLOSSOM ST,BOSTON,MA,021142699,42.36305545,-71.06643399281765,120,0
c30ce87e-8fdf-3360-93bc-afc588563b03,25431f9a-00e4-36d8-9810-4125328eec50,Elsa29 Marrero674,F,GENERAL PRACTICE,55 FRUIT ST,WALTHAM,MA,02451,42.3756401,-71.2358004,35,0
97bcd948-e4c8-38aa-9138-cbc4595e30f9,a130ed39-d3a2-3b2a-91fe-0c14f5e26eb2,Walker122 Nicolas769,M,GENERAL PRACTICE,EAST CREEK ROAD,NANTUCKET,MA,025544015,41.273999,-70.091114,11,0
d2d5e121-6940-3b15-b27b-2e02554b67c4,89171335-b9c0-3326-98d6-a837d432b9fd,Louis204 Hauck852,M,GENERAL PRACTICE,150 FLANDERS ROAD,LYNN,MA,019042915,42.466763,-70.9494939,85,0
c4421bee-2acc-3f6c-8d7b-3627d6398c00,01bde980-bf89-3138-8912-7360dff33247,Caroline183 Lang846,F,GENERAL PRACTICE,456 PARK AVE,WORCESTER,MA,016101254,42.25512735,-71.82580924803523,4,0
feb8604c-dd83-31d9-a451-8da57f66e4a7,979d5316-97f4-335d-af9d-d0afba85dc6a,Jolyn4 Borer986,F,GENERAL PRACTICE,57 PROSPECT ST,NANTUCKET,MA,025542799,41.27514065,-70.10108985970798,7,0
0eef4fd2-03c9-3a07-82e2-8683b9dcc92b,217cb6f6-e822-3831-9d9d-ffa104971042,Luther918 Jakubowski832,M,GENERAL PRACTICE,2 REHABILITATION WAY,WOBURN,MA,018016003,42.46352265,-71.161925472006,61,0
ffc48bf5-57cc-37f5-ab37-66efbcec4589,e2a8b444-9b8f-36ff-84c4-05ee98589482,Francisco472 Gusikowski974,F,GENERAL PRACTICE,8 SHIPWAY PL # C-8,CHARLESTOWN,MA,021294301,42.3778749,-71.0619957,58,0
50045525-a07c-3ec2-9d1a-fcdf0b285fed,05f80ed8-6a7a-3728-8b5c-c5c995c8244a,Peter292 Cartwright189,M,GENERAL PRACTICE,150 South Huntington Avenue,Jamaica Plain,MA,02130,42.32809,-71.11076,206,0
0f174a34-4c92-3275-a626-dc725396df2e,3517aff1-b163-3cd5-8fff-19710fcdc1b7,Ladawn167 Cremin516,F,GENERAL PRACTICE,400 HEMENWAY STREET,MARLBOROUGH,MA,017526762,42.36006255767826,-71.5077613040944,2,0
35249e3a-c2c4-3d14-9d0d-8ea1d9d94676,121b0ad1-1beb-3caa-9271-3d3f726bb727,Ester635 Salas880,F,GENERAL PRACTICE,1030 MAIN STREET,WALTHAM,MA,024517447,42.375828,-71.2527956,27,0
cb4ecd01-4047-3dcc-be41-790f91de3c8a,883f57b8-89c6-3dc4-b6da-047705c88623,Parker433 Bailey598,M,GENERAL PRACTICE,363 HIGHLAND AVE,FALL RIVER,MA,027203703,41.7093779,-71.1460783680883,7,0
8ffe1dc6-7d90-3167-868d-e020d37c7513,0a2252ba-33de-322f-8f0a-e5b0141f1780,Hue920 Block661,F,GENERAL PRACTICE,632 BLUE  HILL AVENUE,DORCHESTER,MA,021213213,42.2941088,-71.0885355,7,0
ad4f7dc7-02b6-3553-978a-23ded3bf7152,f6ba791e-fe68-3596-bef4-60751db6a60e,Freeda113 Crooks415,F,GENERAL PRACTICE,37 BIRCH STREET,MILFORD,MA,017575501,42.1424349,-71.48943173357203,1,0
8e67829e-8cec-3564-bf89-6befefe5c023,95f6c328-96dd-3fb8-a56e-9aad566094b4,Burton124 Schoen8,M,GENERAL PRACTICE,4 STONY HILL ROAD,WILBRAHAM,MA,010951027,42.1552861,-72.48384800788648,3,0
2166f2b5-6bc5-3636-97ea-054fbb51c1bf,485ae27b-c5ba-3fd0-9a16-c9eea20be185,Alejandro916 Kris249,M,GENERAL PRACTICE,275 MARTINE STREET  SUITE 202,FALL RIVER,MA,027231518,41.68393816525316,-71.1220830626733,155,0
79e7e829-181d-31f3-8b45-812fc6c30d2d,19f958ef-57cf-33c1-b068-14b32a980813,Aura483 Bruen238,F,GENERAL PRACTICE,155 BROADWAY RD,DRACUT,MA,018262754,42.67578279999999,-71.29320171860073,23,0
b7ad9835-190e-3164-8def-82dc1edaa166,da2e8443-a0d6-3e87-b651-e2697615f4b5,Luis923 Bergstrom287,M,GENERAL PRACTICE,2000 WASHINGTON ST,NEWTON,MA,024621624,42.332192250000006,-71.24597794166553,72,0
de533c5f-d9cb-31da-9f3a-ba577e7927a7,47602b5b-f4aa-3c73-aa26-2268ccf7a83c,Kathie378 Fisher429,F,GENERAL PRACTICE,90 LINDALL STREET,DANVERS,MA,019232125,42.574712149999996,-70.94359556912616,37,0
c6d0e3bc-bd1f-399f-9579-315a604c6af4,1676f96e-65fc-350d-918b-453697bf07ff,Karisa693 D'Amore443,F,GENERAL PRACTICE,120 LONGWATER DRIVE,NORWELL,MA,020611653,42.15682485,-70.8792143504961,1,0
650309ef-a03e-3265-81d4-202269442600,486bf543-9696-3d51-aa70-28a3044ce490,Ping698 Weissnat378,F,GENERAL PRACTICE,777 NORTH STREET,PITTSFIELD,MA,012014147,42.46054825,-73.24880457390918,28,0
a1467c9f-95f1-3881-bfd4-6aea2a5dba84,91808f17-7583-32a3-aa55-23b131b327c7,Leonie332 Wunsch504,F,GENERAL PRACTICE,200 CORDWAINER DR,NORWELL,MA,020611671,42.16352995,-70.8846291501739,64,0
ec30d15a-45b9-3bc8-b56c-ec83f9e93115,02d7b144-352f-3eac-97db-6fc4a95bf1fa,Greta919 Reinger292,F,GENERAL PRACTICE,120 SEMINARY AVENUE,AUBURNDALE,MA,024662650,42.34002614299451,-71.24911543639162,5,0
877c7149-995f-3db2-8b90-035e7bed7a20,53f086de-2fc7-3d35-92c2-aca4ed944e7f,Chang901 Kutch271,M,GENERAL PRACTICE,1 GENERAL ST,LAWRENCE,MA,018412961,42.7097143,-71.15007700778098,47,0
2ac09855-5aae-3063-b1d7-b81b4980dd04,c05d73d0-b348-32ce-9fe5-13a720950f37,Abraham100 McDermott739,M,GENERAL PRACTICE,45 DRUM HILL RD,CHELMSFORD,MA,018241503,42.6255635,-71.3615131,5,0
45121636-c9f8-3749-967e-31a507b828b3,d70d47dc-b40c-3a04-8342-35cbfe716409,Marcelino726 Hilpert278,M,GENERAL PRACTICE,83 LITTLEFIELD RD,NEWTON,MA,024593010,42.3104327,-71.18883283411856,44,0
2a465f51-7c8d-3921-a2b7-41377f4961b1,0592d4e5-a0fb-3143-83cd-8e5a6b066a96,Anderson154 Lemke654,M,GENERAL PRACTICE,20 EAST ST,HANOVER,MA,023391638,42.1278249,-70.82664947485381,66,0
b8929bd1-b94a-32ec-b22f-38262f21bdc8,c67ca7ed-4769-3b6c-a0a9-993f1227ff10,Allen322 Veum823,M,GENERAL PRACTICE,1 BLACKBURN DR,GLOUCESTER,MA,019302237,42.6269312,-70.65555242413386,41,0
1c33793c-5120-362d-8ca9-02478355ccf3,6b9c5830-a278-38ff-887f-ccefd74cf8e8,Fawn386 Hettinger594,F,GENERAL PRACTICE,184 LINCOLN STREET,NORTH EASTON,MA,023561799,42.06665855,-71.11947646404934,4,0
7975388f-e09a-3251-9540-4b8b5cfb2bd5,7b5bf0fc-c5c0-3f22-980b-fdfff326a9b4,Isidro558 Kling921,M,GENERAL PRACTICE,40 CUMBERLAND AVE,NORTH ATTLEBORO,MA,027604445,41.9316677,-71.35407469790115,1,0
a9fdf0b8-229c-3348-a002-396c16dfd8cb,ba07b31b-bf14-39b8-be95-4c5ca5062daa,Kim439 Hyatt152,M,GENERAL PRACTICE,1575 CAMBRIDGE ST,CAMBRIDGE,MA,021384308,42.375209549999994,-71.10711344152975,12,0
dd7b398d-3102-3d52-be96-e617a1b954f8,064ba8c8-f6f7-3582-8f41-c963ceedfee4,Lexie163 Ankunding277,F,GENERAL PRACTICE,500 BELMONT STREET,BROCKTON,MA,023014985,42.07465845,-71.03975419622803,1,0
255788bd-d38f-3eff-8c73-2fb818fdffda,6aae7a31-90df-3455-ad8d-81f8cf2d21e8,Houston994 Funk324,M,GENERAL PRACTICE,680 CENTRE ST,BROCKTON,MA,023023308,42.0872752,-70.9910738855076,160,0
87cc695d-3b5a-3798-83d7-568bda49d309,104079d4-560e-3eb8-9a48-d495835a3997,Paris331 Schmeler639,M,GENERAL PRACTICE,68 CAMP ST,MASHPEE,MA,026493465,41.6484421,-70.4811383,64,0
